shift,A,,B,,C,,D,,total
,obs,exp,obs,exp,obs,exp,obs,exp
0,15,22.511326860841425,21,20.990291262135923,45,38.93851132686084,13,11.559870550161813,94
1,26,22.990291262135923,31,21.436893203883496,34,39.76699029126214,5,11.805825242718447,96
2,33,28.498381877022656,17,26.57281553398058,49,49.29449838187703,20,14.634304207119742,119
total,74,,69,,128,,38,,309
